Date,Stationary1,Stationary2,Stationary3,Stationary4,Stationary5,Stationary6,Stationary7,Stationary8,Stationary9,Stationary10
11/1/2022,1358.248188,9.894820933,1321.940956,826.1707721,9.36888226,1288.216352,1169.008237,1230.659587,3884.224917,1331.098092
11/2/2022,1358.124902,9.724426512,1321.862895,826.0225248,9.235871455,1288.136783,1168.950632,1230.337651,3884.275416,1331.003482
11/3/2022,1358.278943,9.973252222,1322.046877,826.1750519,9.818973917,1288.375225,1169.15483,1230.556327,3884.245751,1331.185517
11/4/2022,1358.604527,10.56066847,1322.322846,826.3467132,10.11357183,1288.689872,1169.558983,1230.980367,3884.634464,1331.523271
11/5/2022,1358.350773,10.42561459,1322.120266,826.3114206,10.13123448,1288.452381,1169.384662,1230.930463,3884.30947,1331.302527
11/6/2022,1358.361417,10.27745531,1322.088131,826.3319677,9.92790582,1288.404954,1169.287726,1231.017892,3884.437146,1331.350168
11/7/2022,1358.273,10.08457405,1322.029768,826.292372,10.2627342,1288.372857,1169.199414,1231.319504,3884.468794,1331.246478
11/8/2022,1358.184853,9.996415843,1321.95103,826.321181,9.913591684,1288.300232,1169.074956,1231.256573,3884.568518,1331.147489
11/9/2022,1358.304571,10.03725981,1322.076859,826.2256234,10.16777326,1288.552383,1169.224917,1231.569534,3884.508997,1331.263382
11/10/2022,1357.823634,9.768954136,1321.739936,826.0475145,9.673365568,1288.174495,1168.88598,1230.914756,3884.100103,1330.986317
11/11/2022,1357.510993,9.791132237,1321.519918,826.0655312,9.572038986,1287.947878,1168.526851,1230.619908,3883.953669,1330.794098
11/12/2022,1357.507368,9.798265697,1321.642162,826.0801853,9.716635503,1288.061623,1168.705298,1230.770143,3884.071124,1330.962668
11/13/2022,1357.574833,9.852967274,1321.690342,826.0951194,9.484619597,1288.118082,1168.690482,1230.778071,3884.358541,1331.062148
11/14/2022,1357.420144,9.724529745,1321.686191,826.1181747,9.706821637,1288.044111,1168.584314,1230.878341,3884.31462,1331.080367
11/15/2022,1357.39511,9.684503057,1321.647816,825.9672026,9.294339351,1288.068903,1168.518701,1230.79692,3884.245642,1331.033428
11/16/2022,1357.444126,9.767578911,1321.680457,826.1221312,9.598522389,1288.154089,1168.594648,1230.701457,3884.210144,1331.091319
11/17/2022,1357.48871,9.921289262,1321.79493,826.2584734,9.91096219,1288.231903,1168.805947,1230.754145,3884.287502,1331.184317
11/18/2022,1357.394359,9.845024371,1321.771747,826.1770302,9.652369362,1288.191295,1168.650782,1230.617479,3884.394329,1331.168819
11/19/2022,1357.170489,9.715178288,1321.535648,826.1167977,9.677267184,1288.084197,1168.361208,1230.368668,3884.373404,1331.022813
11/20/2022,1356.947179,9.743838677,1321.467107,826.0606915,9.374139743,1287.794056,1168.132082,1230.246866,3884.134013,1330.935907
11/21/2022,1357.24267,9.766462949,1321.752579,826.1446593,9.634002875,1287.912351,1168.286551,1230.574686,3884.458898,1331.156216
11/22/2022,1357.223224,9.801242817,1321.700941,826.2191448,9.528100083,1287.87613,1168.224615,1230.585174,3884.392469,1331.157925
11/23/2022,1357.359011,9.953613435,1321.832345,826.432882,9.541617575,1287.969895,1168.450022,1230.621888,3884.375327,1331.314406
11/24/2022,1357.27376,9.830462373,1321.681428,826.3119016,9.939590401,1287.902542,1168.247377,1230.398868,3884.251512,1331.212737
11/25/2022,1358.08316,10.28273152,1322.089064,826.8057362,10.88877312,1288.590678,1168.914359,1230.684576,3884.58539,1331.781582
11/26/2022,1358.091532,11.14692592,1322.156627,827.3100401,10.95678276,1288.596303,1168.968232,1230.775681,3884.657411,1332.124971
11/27/2022,1357.744052,11.28018266,1321.992479,827.0364636,10.87632488,1288.338557,1168.721679,1230.553817,3884.317142,1331.807693
11/28/2022,1358.033875,11.83148692,1322.390897,827.1767235,11.07206357,1288.580061,1169.061102,1230.770965,3884.373656,1332.01341
11/29/2022,1358.35145,14.40593761,1322.488904,827.5828951,11.7204896,1288.787022,1169.29347,1230.822385,3884.800873,1332.318488
11/30/2022,1358.099646,14.09771579,1322.41728,827.4872041,11.24099222,1288.744187,1169.259178,1230.6088,3884.745559,1332.172355
12/1/2022,1357.789823,14.66846709,1322.351437,827.3112839,11.04156709,1288.426585,1168.923036,1230.422031,3884.017423,1331.809018
12/2/2022,1357.691052,15.69897615,1322.173629,827.3809269,11.10239773,1288.250408,1168.828534,1230.376402,3884.036823,1331.800443
12/3/2022,1357.57826,14.61980449,1322.091567,827.1646272,10.3649328,1288.130673,1168.639431,1230.285754,3884.287451,1331.714181
12/4/2022,1357.639027,14.28691239,1322.140556,827.1895508,10.78829499,1288.312438,1168.66268,1230.354856,3884.264255,1331.756123
12/5/2022,1358.172609,14.81669446,1322.540822,827.6575692,11.49537763,1288.995088,1169.291654,1231.08227,3884.382216,1332.212965
12/6/2022,1358.302086,14.73204891,1322.644988,827.4750737,11.23541998,1289.008253,1169.899225,1230.990313,3884.280877,1332.21953
12/7/2022,1357.937512,13.97357533,1322.303039,827.2049879,10.82993509,1288.786519,1169.102873,1230.659159,3884.159138,1332.003613
12/8/2022,1357.960189,13.65543982,1322.260015,827.5617728,11.58144693,1289.071359,1168.531737,1230.601317,3884.864357,1331.973489
12/9/2022,1357.431568,11.50776652,1321.701673,826.2608872,10.83639574,1288.222956,1167.441596,1229.747367,3884.195737,1331.110521
12/10/2022,1354.754726,9.761047577,1319.109181,825.5486141,10.29141074,1285.567576,1163.868498,1227.040726,3881.379343,1328.434361
12/11/2022,1354.421455,11.3095982,1318.667263,826.698925,11.79828166,1285.094192,1163.677696,1226.919888,3880.116217,1328.052181
12/12/2022,1354.74318,10.81581361,1318.875894,826.6803286,10.37971559,1285.391268,1163.870018,1227.238198,3881.081381,1328.562244
12/13/2022,1355.068503,10.9540988,1319.163776,826.1235047,15.11668946,1285.918384,1163.998824,1227.458222,3881.236099,1328.835903
12/14/2022,1355.132822,10.6095742,1319.34421,825.9064533,11.89292249,1286.082213,1163.903674,1227.323318,3881.428236,1329.005368
12/15/2022,1355.505365,10.75554301,1319.696849,826.3613802,11.54374394,1286.506612,1164.360076,1228.110443,3882.724603,1329.425889
12/16/2022,1355.734345,10.90903897,1319.940495,826.2074861,10.32222757,1286.716629,1164.552176,1228.411789,3882.630497,1329.653188
12/17/2022,1355.804777,10.75142481,1319.975056,825.9205123,11.15203998,1286.65378,1164.664357,1228.373553,3882.619711,1329.635919
12/18/2022,1355.935526,10.70253381,1320.159638,825.8367803,11.28166684,1286.835078,1164.74467,1228.666806,3882.989837,1329.81103
12/19/2022,1355.630986,10.69946629,1319.867582,825.9570724,11.76567975,1286.503553,1164.393627,1228.380927,3882.559352,1329.518187
12/20/2022,1355.579945,10.69759828,1319.762608,825.9081931,9.766067783,1286.386654,1164.248645,1228.327616,3882.275118,1329.519584
12/21/2022,1355.195479,10.0777293,1319.44722,825.6267501,9.14104679,1285.943083,1163.99736,1227.883794,3882.081676,1329.120713
12/22/2022,1355.233764,9.760777446,1319.505087,825.5741763,8.252584641,1285.9869,1164.045809,1228.052035,3882.511032,1329.173708
12/23/2022,1355.426849,10.13409161,1319.706642,825.7633995,10.10340002,1286.151843,1164.235016,1228.282261,3882.807425,1329.298495
12/24/2022,1355.564595,10.48116518,1319.918198,825.8958878,11.0827204,1286.347914,1164.636001,1228.399612,3882.753484,1329.481197
12/25/2022,1355.846039,10.45899346,1320.196511,825.8940553,11.83124751,1286.600368,1164.943075,1228.94386,3883.115834,1329.830196
12/26/2022,1356.038203,10.96534526,1320.377613,825.7424544,10.25262543,1286.687568,1165.028644,1229.219864,3883.242916,1330.069768
12/27/2022,1356.016361,10.91549059,1320.354928,825.8498234,11.36593768,1286.713038,1165.041946,1229.06122,3883.377628,1330.054031
12/28/2022,1356.038584,11.55597421,1320.422991,825.7949585,10.99890183,1286.748629,1165.068697,1229.100434,3883.432803,1330.068379
12/29/2022,1356.038108,11.24828754,1320.403298,825.7357074,9.719158079,1286.670396,1165.003258,1229.086588,3883.661079,1330.099304
12/30/2022,1356.185657,11.76489604,1320.514881,825.8359546,11.68846601,1286.937466,1165.092135,1229.294414,3883.662574,1330.307178
12/31/2022,1356.682579,12.31748597,1321.029111,826.1213284,13.91289355,1287.437113,1165.546625,1229.759275,3884.195738,1330.866961
1/1/2023,1356.66143,11.90557003,1321.005421,826.0331363,11.98412546,1287.408814,1165.461773,1229.637701,3884.2562,1330.898481
1/2/2023,1356.757309,11.97996753,1321.193368,826.1506389,11.76360947,1287.647051,1165.530015,1229.657714,3884.379153,1330.994537
1/3/2023,1356.755376,11.77068017,1321.152595,825.8568315,9.431759877,1287.522579,1165.448246,1229.546862,3884.233466,1330.887248
1/4/2023,1356.877628,12.1348031,1321.343782,826.0610465,12.42718177,1287.686196,1165.594543,1229.652883,3884.454993,1330.999359
1/5/2023,1356.743987,11.90059338,1321.182661,825.9760243,10.34296373,1287.502175,1165.538835,1229.557002,3884.307332,1330.905618
1/6/2023,1356.76066,11.85590613,1321.227596,826.0845293,11.06950571,1287.545028,1165.651109,1229.617925,3884.467196,1330.954645
1/7/2023,1356.547586,11.48378184,1321.036453,825.862943,11.56627668,1287.259241,1165.420204,1229.416858,3884.194216,1330.706246
1/8/2023,1356.778552,11.78408234,1321.233844,826.0754314,12.43889435,1287.541455,1165.597166,1229.711065,3884.491164,1331.011103
1/9/2023,1356.64051,11.62876878,1321.151965,826.0140766,11.8523996,1287.325322,1165.495421,1229.555027,3884.34813,1330.878909
1/10/2023,1356.638418,11.61379565,1321.143986,826.0469371,11.39468452,1287.291938,1165.482071,1229.509564,3884.366717,1330.885572
1/11/2023,1356.614498,11.36821489,1321.074832,825.9736871,10.60422414,1287.234364,1165.491351,1229.484103,3884.325425,1330.943671
1/12/2023,1356.643383,11.22528459,1321.112339,826.102262,12.42888686,1287.273425,1165.504762,1229.593378,3884.546985,1330.962853
1/13/2023,1356.602797,11.44519279,1321.162735,826.3323853,13.37320106,1287.257884,1165.496397,1229.583757,3884.393558,1330.970952
1/14/2023,1356.656892,11.29433761,1321.278546,826.1574174,11.72588682,1287.313306,1165.655974,1229.578108,3884.364507,1331.100048
1/15/2023,1356.511516,10.9053591,1321.115143,826.000052,11.09811317,1287.289232,1165.602271,1229.438275,3884.354557,1330.93697
1/16/2023,1356.122944,10.10382385,1320.915549,825.4816528,8.53030094,1286.860031,1165.366315,1229.192528,3884.365754,1330.786415
1/17/2023,1356.167231,10.36969268,1320.947625,825.6654609,9.382619183,1286.915866,1165.415456,1229.234315,3884.557655,1330.833396
1/18/2023,1356.151262,10.31680536,1320.930284,825.4380424,10.6589041,1286.86471,1165.391331,1229.167629,3884.146474,1330.77442
1/19/2023,1355.866238,9.740696971,1320.707473,825.7167664,9.706667489,1286.594806,1165.21437,1228.927063,3884.628904,1330.645885
1/20/2023,1355.991291,10.11547177,1320.882661,825.769641,11.00781255,1286.759988,1165.315403,1229.102065,3884.395421,1330.81776
1/21/2023,1355.865088,10.0050172,1320.775623,825.8379915,12.55153387,1286.594133,1165.247585,1229.016714,3884.476328,1330.711275
1/22/2023,1355.821978,10.22749252,1320.722305,825.8693784,11.23667575,1286.553564,1165.108355,1228.982566,3884.342547,1330.679652
1/23/2023,1355.821283,10.22812331,1320.668633,825.8155381,11.55162935,1286.463504,1165.071872,1229.006834,3884.155504,1330.636935
1/24/2023,1355.835358,10.27805327,1320.659926,825.829701,10.84931529,1286.460618,1165.02082,1228.993011,3884.199887,1330.676511
1/25/2023,1355.767759,10.16355127,1320.596306,825.8497704,11.35953508,1286.4343,1164.953312,1228.857508,3884.139807,1330.588377
1/26/2023,1355.920691,10.17594646,1320.673817,825.9016862,11.59508407,1286.574385,1164.998566,1229.173394,3884.2942,1330.677411
1/27/2023,1355.657022,9.977533052,1320.464913,825.8944491,12.31431927,1286.303155,1164.788603,1229.027189,3884.054296,1330.414565
1/28/2023,1355.270842,9.705307075,1320.147051,825.8087862,11.05437889,1285.90898,1164.349528,1228.675119,3883.693102,1330.157979
1/29/2023,1355.278983,9.776509954,1320.163395,825.8205275,10.8612149,1285.997898,1164.387051,1228.556535,3883.736379,1330.268486
1/30/2023,1355.195645,9.589062966,1320.03514,825.7963084,10.6850629,1285.912482,1164.341346,1228.491814,3883.531516,1330.16501
1/31/2023,1355.228422,9.697981845,1320.062367,825.710137,10.22406341,1285.9237,1164.373921,1228.443813,3883.425844,1330.190712
2/1/2023,1355.298084,9.716953984,1320.077667,825.6988091,10.33810753,1285.998829,1164.398802,1228.450638,3883.413116,1330.225384
2/2/2023,1355.460515,9.817907441,1320.247764,825.7547819,11.32437801,1286.210304,1164.731799,1228.675124,3883.59266,1330.346539
2/3/2023,1355.430163,9.749742438,1320.284934,825.8447598,11.42170585,1286.227464,1165.104803,1228.598708,3883.731508,1330.328069
2/4/2023,1355.639621,9.989511402,1320.44923,825.9484919,10.67754649,1286.330952,1165.126461,1228.655402,3883.596979,1330.498502
2/5/2023,1355.569934,9.869311606,1320.284853,825.9360143,9.9965208,1286.234695,1165.046782,1228.447321,3883.467722,1330.411125
2/6/2023,1355.756264,9.965465212,1320.348231,826.011491,12.8355763,1286.350824,1165.1143,1228.583659,3883.551796,1330.442796
2/7/2023,1355.948728,9.949922355,1320.547821,825.9639347,11.5887522,1286.534717,1165.217047,1228.772211,3883.875958,1330.673345
2/8/2023,1356.279643,10.08291631,1320.703784,826.2395043,11.78451783,1286.738515,1165.517387,1228.861166,3884.347358,1330.827004
2/9/2023,1356.636474,10.26005108,1320.790533,826.2644868,12.2486293,1286.879576,1165.936576,1228.964504,3884.216289,1330.984906
2/10/2023,1356.847062,10.46519087,1321.043361,826.2812384,11.36301309,1287.031375,1166.034308,1229.113012,3884.363507,1331.197443
2/11/2023,1356.740912,10.64174821,1321.666725,826.6225573,13.70368594,1287.123714,1165.970436,1229.312798,3884.394939,1331.192971
2/12/2023,1356.935842,11.06738001,1321.658286,826.7033115,12.28390402,1287.309906,1166.103921,1229.41583,3884.474945,1331.435803
2/13/2023,1357.320337,11.65920871,1321.934849,826.9927497,13.0155143,1287.626412,1166.557628,1229.703557,3885.029897,1331.689909
2/14/2023,1357.336266,12.17492651,1322.088222,827.2882041,15.64668839,1288.132338,1167.605049,1229.759565,3884.646201,1331.871179
2/15/2023,1357.599711,12.06668242,1322.33725,827.1661828,14.20891204,1288.320808,1167.600248,1229.887392,3884.914316,1332.209263
2/16/2023,1357.259906,11.98852251,1321.997523,827.301198,14.37540786,1287.893792,1167.443478,1229.605911,3884.386276,1331.958144
2/17/2023,1357.170117,11.94258106,1322.055715,827.1375641,14.28587663,1287.999471,1167.287157,1229.592551,3884.099292,1331.899738
2/18/2023,1356.757769,11.6134828,1321.603402,826.9396425,11.21597429,1287.568167,1166.775836,1229.34641,3883.887185,1331.665721
2/19/2023,1356.970594,11.8320028,1321.736865,827.2469176,12.25196683,1287.756876,1166.921874,1229.57387,3884.238998,1331.803975
2/20/2023,1357.531107,12.63006577,1322.246508,827.9089604,14.5434497,1288.374957,1167.87335,1230.020155,3884.975324,1332.30596
2/21/2023,1357.643254,12.5518635,1322.153121,827.4189171,12.44845932,1288.418146,1167.745471,1229.938548,3884.413365,1332.309391
2/22/2023,1357.770084,12.76976397,1322.282458,827.5359452,13.81087607,1288.398974,1167.691489,1229.925937,3884.661764,1332.294466
2/23/2023,1357.714513,12.85476294,1322.39069,827.4385934,12.81807108,1288.706002,1167.679911,1230.202014,3884.410383,1332.284657
2/24/2023,1357.392325,12.45481831,1322.066768,827.2103094,10.64893936,1288.248477,1167.302112,1229.886609,3884.38969,1332.009051
2/25/2023,1357.646626,12.77677139,1322.306006,827.5343149,12.50013841,1288.509952,1167.686138,1230.071941,3884.65475,1332.199619
2/26/2023,1357.612061,12.73624325,1322.253235,827.4133688,14.03596559,1288.454624,1167.536767,1229.859051,3884.2798,1331.99974
2/27/2023,1357.869629,12.80005672,1323.106859,827.4468541,13.10015386,1288.669142,1167.663755,1230.016588,3884.617596,1332.144327
2/28/2023,1357.794863,12.82980004,1322.973637,827.4200629,12.21689391,1288.527056,1167.598018,1229.970416,3884.80362,1332.099619
3/1/2023,1357.857838,13.21810861,1322.957353,827.6334132,12.84017294,1288.607335,1167.889322,1229.92755,3884.382353,1332.205645
3/2/2023,1357.523389,12.80831285,1322.641921,827.3740721,12.12627905,1288.202226,1167.473972,1229.670067,3884.52157,1331.951019
3/3/2023,1357.80831,13.4196903,1322.697667,827.4220526,12.7105842,1288.303797,1167.502999,1229.853355,3884.512176,1332.030327
3/4/2023,1357.869301,13.46448228,1322.929846,827.7367821,14.97396305,1288.466998,1167.67541,1229.928052,3884.608413,1332.123965
3/5/2023,1357.930433,13.17578617,1323.034409,827.4353906,12.62520638,1288.58535,1167.58814,1229.925343,3884.132606,1332.256729
3/6/2023,1358.011218,13.3024308,1323.065099,827.7418995,12.84194398,1289.016473,1167.655433,1229.94647,3884.510012,1332.311493
3/7/2023,1357.90609,13.45256976,1322.946116,827.6583628,13.30022464,1288.857213,1167.551543,1229.896776,3884.262414,1332.264175
3/8/2023,1357.939129,13.09322642,1322.864966,827.5320343,12.99360343,1288.76129,1167.511492,1229.855368,3884.543391,1332.282926
3/9/2023,1357.671533,12.86458492,1322.618499,827.4440199,12.06185734,1288.498876,1167.252853,1229.658102,3884.277865,1332.131739
3/10/2023,1357.867901,13.21892042,1322.874628,827.7388547,14.69008704,1288.882479,1167.439522,1229.772031,3884.318616,1332.207804
3/11/2023,1357.869937,12.95938137,1322.770576,827.6622638,13.3881131,1288.77256,1167.377391,1229.76179,3884.474762,1332.246906
3/12/2023,1357.475845,12.04239076,1322.301142,827.3008207,11.28083622,1288.327027,1166.897958,1229.592712,3884.709048,1331.993432
3/13/2023,1357.414199,11.96549279,1322.27571,827.0894663,11.22800605,1288.280548,1166.830726,1229.587604,3884.555392,1331.879401
3/14/2023,1357.572641,12.11743192,1322.341804,827.1536809,12.27780535,1288.376214,1166.973147,1229.61765,3884.496208,1331.945835
3/15/2023,1357.569043,12.07717005,1322.344124,827.1189355,11.14348493,1288.341523,1167.15119,1229.56144,3884.743393,1331.958324
3/16/2023,1358.48273,12.08401038,1323.263144,827.1086287,13.72781097,1289.217309,1167.861209,1230.399625,3886.488305,1332.81145
3/17/2023,1358.134991,12.30094182,1322.686554,827.2927151,13.82658127,1288.637696,1167.43932,1229.891891,3885.185697,1332.275847
3/18/2023,1358.317845,13.31741953,1322.849061,827.8104188,14.77514544,1288.754252,1167.60773,1229.911402,3884.76985,1332.398249
3/19/2023,1357.829068,12.82726282,1322.476192,827.4897702,12.43442165,1288.42741,1167.245142,1229.632643,3884.31393,1332.282301
3/20/2023,1358.127539,13.29430914,1322.750604,827.7898786,14.06077541,1289.379768,1167.477213,1229.836106,3884.568373,1332.495842
3/21/2023,1358.107571,13.39447238,1322.72247,827.7376731,13.48029741,1289.296618,1167.490142,1229.779608,3884.403174,1332.451849
3/22/2023,1358.096539,13.16886627,1322.846151,827.7009197,13.02910475,1289.553938,1167.808539,1229.738421,3884.547773,1332.503241
3/23/2023,1358.082419,13.40372218,1323.011743,827.9947879,14.68142455,1289.581406,1168.000922,1229.836564,3884.807266,1332.458592
3/24/2023,1357.849067,13.09863412,1322.968835,827.7366104,13.03956613,1289.238107,1167.706549,1229.682747,3884.556637,1332.283823
3/25/2023,1357.756474,13.03151891,1322.78177,827.7389061,13.80117808,1289.134796,1167.524813,1229.690348,3884.602985,1332.16616
3/26/2023,1357.70945,12.87566178,1322.67439,827.7220081,11.92127574,1289.079854,1167.501511,1229.636757,3884.566891,1332.283849
3/27/2023,1357.400511,12.42260804,1322.297147,827.5058716,12.2616919,1288.568946,1167.280326,1229.431628,3884.381614,1332.056217
3/28/2023,1357.436961,12.40812034,1322.285021,827.64624,11.0720818,1288.579801,1167.253461,1229.502412,3884.898361,1332.129145
3/29/2023,1357.466813,12.61942045,1322.336881,827.7211129,12.83290554,1288.660688,1167.338086,1229.446811,3884.561248,1332.171857
3/30/2023,1357.529918,12.55140227,1322.337174,827.6429224,12.19900242,1288.679093,1167.335115,1229.568544,3884.674659,1332.285942
3/31/2023,1357.330892,12.39715157,1322.112527,827.3565404,11.07350565,1288.426226,1167.1657,1229.517214,3884.320481,1332.195784
4/1/2023,1357.425708,12.62951192,1322.255321,827.8272804,12.39896833,1288.589291,1167.264293,1229.592759,3884.710614,1332.337871
4/2/2023,1357.214788,12.48156286,1322.113365,827.8797543,12.65365413,1288.328609,1167.105162,1229.445612,3884.814146,1332.204743
4/3/2023,1357.12462,11.89481819,1321.943448,827.2991992,11.29782153,1288.067897,1167.006306,1229.457892,3884.383415,1331.992074
4/4/2023,1357.057941,11.74433261,1321.838724,827.3289002,11.44203491,1287.973006,1166.941719,1229.424627,3884.489825,1331.998505
4/5/2023,1357.05686,11.78517137,1321.83914,827.2870649,11.61642831,1288.026849,1166.935873,1229.329791,3884.415299,1331.975606
4/6/2023,1356.8408,11.78408825,1321.796255,827.2529515,11.37810404,1287.850153,1166.75995,1229.254908,3884.101915,1331.865424
4/7/2023,1356.838905,11.66999746,1321.717571,827.3342811,11.68627252,1287.786631,1166.689392,1229.388882,3884.302749,1331.84002
4/8/2023,1356.653869,11.3236652,1321.472156,827.0397774,11.76361027,1287.541136,1166.341772,1229.494326,3883.963991,1331.734842
4/9/2023,1356.5171,10.57027941,1321.276851,826.7405339,10.00837462,1287.314518,1166.109356,1229.245977,3884.127465,1331.435628
4/10/2023,1360.734123,10.50666498,1325.408891,826.2653392,9.428859902,1291.40138,1169.843741,1232.974206,3890.51655,1335.482555
4/11/2023,1366.902847,10.69243562,1331.484514,803.5399932,10.65940411,1297.311586,1175.239681,1238.609629,3858.569847,1341.787497
4/12/2023,1366.503307,11.4504825,1331.142649,820.8832861,13.13912302,1296.997827,1175.000067,1238.031894,3888.811601,1341.360488
4/13/2023,1362.248084,12.20362239,1326.876864,826.9165771,13.71118531,1292.977877,1171.209992,1234.023205,3891.63728,1337.298955
4/14/2023,1361.401826,12.48626713,1326.211952,827.2073885,12.81600336,1292.298512,1170.577878,1233.266848,3890.527415,1336.578895
4/15/2023,1362.077232,12.04672997,1326.767038,827.8270692,13.21979247,1292.862112,1171.084804,1233.943573,3893.711166,1337.332578
4/16/2023,1359.637139,12.44185756,1324.445699,827.7351648,13.03082559,1290.738538,1169.059788,1231.796307,3889.107604,1335.005826
4/17/2023,1360.24159,13.41390676,1325.104896,828.3032515,14.57956212,1291.481836,1169.637821,1232.218792,3889.687883,1335.605904
4/18/2023,1360.080721,13.04486007,1324.96814,827.724265,12.06093956,1291.210308,1169.569641,1232.154593,3888.881833,1335.592771
4/19/2023,1361.100658,13.48783131,1325.983385,828.1093007,12.51443067,1292.201155,1170.481047,1233.158139,3890.983426,1336.549444
4/20/2023,1359.270956,13.18429311,1324.167779,826.3613851,12.10134235,1290.292347,1169.116814,1231.48747,3885.263543,1334.776068
4/21/2023,1359.457298,13.66782054,1324.026752,827.1187631,14.00274392,1290.233857,1168.90394,1232.417135,3885.502547,1334.624055
4/22/2023,1359.775416,13.21166793,1324.316878,827.3104101,12.9038358,1290.376578,1169.090202,1232.220768,3887.225438,1334.87758
4/23/2023,1358.689446,13.75028323,1323.285338,827.5798509,14.10167999,1289.441658,1168.159082,1231.387459,3884.93072,1333.889588
4/24/2023,1358.929719,13.31337544,1323.547194,827.9780145,12.59460837,1289.548572,1168.219433,1231.50628,3886.8979,1334.113245
4/25/2023,1358.26315,13.27152564,1322.981145,827.8387673,12.46579018,1288.910686,1167.698201,1231.248654,3885.738363,1333.543758
4/26/2023,1358.382189,13.44803925,1323.098633,828.099241,12.62609065,1289.101602,1167.849272,1231.357194,3886.072371,1333.70722
4/27/2023,1357.34255,13.08739556,1322.084098,827.6734895,11.94846656,1288.08948,1166.884942,1230.955939,3884.212138,1332.647171
4/28/2023,1357.755749,13.1880312,1322.232696,828.0858884,13.68318722,1288.361635,1167.073464,1231.504018,3884.69245,1332.887313
4/29/2023,1357.50722,13.63600977,1321.943827,828.1135341,12.96168906,1288.061977,1166.823389,1231.486807,3883.832657,1332.556443
4/30/2023,1357.577526,13.44851778,1322.06976,828.2748041,14.43119396,1288.137767,1166.839639,1231.492438,3884.38057,1332.648407
5/1/2023,1357.927481,13.76910291,1322.2188,828.2170651,13.97981667,1288.384068,1166.991413,1231.585755,3884.108824,1332.8032
5/2/2023,1357.98127,14.21504491,1322.439681,828.1833809,14.28602937,1288.674738,1167.16087,1231.492583,3884.528299,1333.000868
5/3/2023,1357.844857,13.82087795,1322.263677,828.068622,12.95469616,1288.460391,1167.004472,1231.469164,3884.310246,1332.894961
5/4/2023,1357.845687,14.82614968,1322.155274,828.225363,14.44687561,1288.544512,1166.924126,1231.116061,3884.35793,1332.827191
5/5/2023,1357.922486,14.87973241,1322.321416,828.4563021,14.82287817,1288.593061,1167.05014,1231.239076,3884.371106,1333.063656
5/6/2023,1357.845761,14.72704069,1322.289364,828.5794864,13.66305147,1288.450433,1166.960278,1231.172283,3884.095544,1333.117803
5/7/2023,1358.293482,14.19411293,1322.850921,828.6114707,13.54812657,1288.879454,1167.38675,1231.652994,3885.444999,1333.560461
5/8/2023,1358.406299,13.96168028,1322.868482,828.6282811,13.54369891,1288.891574,1167.452469,1231.88597,3885.72121,1333.640634
5/9/2023,1358.151021,13.89847065,1322.556439,828.3647704,13.16884453,1288.578219,1167.128466,1231.52545,3884.868156,1333.319872
5/10/2023,1358.252611,14.1407731,1322.623258,828.3469098,14.97142051,1288.696387,1167.217114,1231.568588,3884.834736,1333.343284
5/11/2023,1358.324286,14.6454264,1322.680862,828.5483527,15.68371858,1288.738484,1167.301616,1231.7058,3884.742467,1333.470164
5/12/2023,1359.187376,14.7812957,1323.515558,828.7080712,14.25066314,1289.624604,1168.390302,1232.42137,3886.589138,1334.23613
5/13/2023,1358.839562,14.69869251,1323.183272,828.7009898,15.07007879,1289.218561,1168.211545,1231.894244,3885.618737,1333.898073
5/14/2023,1359.449059,15.04695924,1323.604097,829.136987,15.49501724,1289.758152,1168.59283,1232.301419,3886.291502,1334.538148
5/15/2023,1359.276623,15.15975668,1323.358518,829.5733074,15.92631731,1289.5163,1168.359904,1232.128845,3885.786735,1334.489877
5/16/2023,1359.559973,15.12154822,1323.402488,829.4630271,15.93261338,1289.658328,1168.297741,1232.153471,3885.791225,1334.53531
5/17/2023,1359.209073,15.22018157,1323.331949,829.4428181,15.2654789,1289.369729,1168.253587,1231.86706,3884.956831,1334.325873
5/18/2023,1358.959835,15.02085311,1323.39581,829.3845461,14.61450492,1289.234258,1168.096617,1231.725815,3885.187918,1334.188818
5/19/2023,1358.926357,15.47895214,1323.398728,829.6432906,15.67400339,1289.288396,1168.0097,1231.85231,3885.155414,1334.090887
5/20/2023,1358.747052,14.5937997,1323.085109,828.9315432,14.17988402,1288.92226,1167.785417,1231.506467,3885.541064,1333.764038
5/21/2023,1358.083494,14.15734775,1322.487833,829.0532609,14.16071611,1288.294905,1167.293128,1230.874218,3884.919321,1333.339017
5/22/2023,1357.73264,13.50022836,1322.067409,828.7919836,13.35812837,1287.952127,1167.032456,1230.445197,3884.99844,1332.941528
5/23/2023,1357.972034,13.79043081,1322.188417,828.7082386,13.48405042,1288.101934,1167.183042,1230.801469,3884.747342,1333.077332
5/24/2023,1357.654869,13.61839169,1321.890379,828.4807562,13.10626996,1287.861092,1166.931845,1230.503351,3884.039918,1332.832515
5/25/2023,1357.717665,13.59594304,1322.036438,828.5185332,13.47215244,1287.962351,1167.029156,1230.574489,3884.497053,1332.885505
5/26/2023,1357.91997,13.904153,1322.248087,828.58803,13.76640807,1288.113192,1167.173553,1230.734862,3884.522205,1333.008702
5/27/2023,1358.176549,13.85773365,1322.306197,828.4920388,13.78738961,1288.132616,1167.196254,1230.781651,3884.63385,1333.170647
5/28/2023,1357.862255,14.28108237,1322.01103,828.5091592,14.59662927,1287.836443,1167.025071,1230.456507,3883.578681,1332.869017
5/29/2023,1358.783344,14.25210297,1322.937526,828.6134196,13.55051922,1288.752751,1168.066783,1231.526359,3885.624147,1333.815535
5/30/2023,1358.625569,14.30839885,1322.793709,828.7566992,14.09756593,1288.716229,1167.922192,1231.385877,3885.535843,1333.728729
5/31/2023,1358.330581,14.19084947,1322.506314,828.6288019,12.98440496,1288.377961,1167.666976,1231.106905,3885.172185,1333.437512
6/1/2023,1358.039297,13.77027807,1322.246187,828.5193819,12.43768799,1288.021342,1167.382329,1230.877379,3885.07527,1333.156481
6/2/2023,1358.248731,13.94819436,1322.42965,828.550538,13.78562273,1288.203194,1167.556463,1231.005775,3885.066406,1333.386772
6/3/2023,1358.057944,14.1074162,1322.299012,828.7693801,14.51993485,1288.049686,1167.358044,1230.787089,3884.817631,1333.263236
6/4/2023,1358.212315,13.97522556,1322.466471,828.6863178,13.29335444,1288.179017,1167.476264,1230.982423,3885.30384,1333.44792
6/5/2023,1359.078394,14.31277927,1323.321398,829.1551664,15.49430799,1289.077636,1168.340435,1231.758012,3886.564022,1334.532691
6/6/2023,1359.982121,13.89604498,1324.22454,828.7756247,13.0306002,1289.938129,1169.130191,1232.649448,3888.541514,1335.367864
6/7/2023,1359.541819,13.74035896,1323.795262,828.7343524,12.42209291,1289.550761,1168.76515,1232.170823,3887.994791,1334.905254
6/8/2023,1358.558251,13.2276861,1322.749703,828.5515253,13.67597927,1288.515449,1167.82825,1231.137928,3886.401262,1333.968812
6/9/2023,1358.257281,13.26118243,1322.463225,828.6924265,13.92455301,1288.212358,1167.598168,1230.903221,3886.192669,1333.691574
6/10/2023,1358.490146,13.25572482,1322.654388,828.5079929,13.17923826,1288.485405,1167.776577,1231.050796,3886.157227,1333.839328
6/11/2023,1358.204336,12.99130774,1322.378846,828.426529,12.48366489,1288.171029,1167.513217,1230.797545,3886.11536,1333.556972
6/12/2023,1358.155281,12.95671455,1322.242095,828.3820731,12.75446676,1288.045258,1167.474578,1230.739044,3885.605173,1333.39956
6/13/2023,1358.050971,12.9050252,1322.155491,828.3050825,12.55385306,1288.022477,1167.440892,1230.636163,3885.505814,1333.335888
6/14/2023,1358.067319,12.96342404,1322.115075,828.3807115,12.75864457,1287.9658,1167.403194,1230.592309,3885.503336,1333.28349
6/15/2023,1357.683017,13.04698867,1321.798775,828.3921458,13.22835697,1287.612299,1167.121433,1230.307271,3884.796602,1332.994208
6/16/2023,1357.490313,13.04501048,1321.562695,828.3607461,14.13331291,1287.405525,1166.890378,1230.309326,3884.341354,1332.795042
6/17/2023,1357.562058,13.30004153,1321.591,828.3960414,13.83070928,1287.481329,1166.935186,1230.373509,3884.369195,1332.764836
6/18/2023,1357.49585,13.0372438,1321.464862,828.2965792,13.48599569,1287.394732,1166.783258,1230.507919,3884.310945,1332.686889
6/19/2023,1357.674046,13.05356878,1321.685215,828.3247398,13.77338456,1287.640507,1166.982269,1230.817481,3884.677766,1332.941896
6/20/2023,1357.852816,13.13578918,1321.874578,828.4500163,14.22991102,1287.875498,1167.145874,1231.016754,3885.203144,1333.155162
6/21/2023,1357.478518,12.92010384,1321.515717,828.2274857,13.06999414,1287.467405,1166.768384,1230.601807,3884.408522,1332.849836
6/22/2023,1357.607542,13.00660321,1321.62367,828.3379416,13.75973279,1287.526903,1166.776726,1230.676708,3884.551953,1332.896848
6/23/2023,1357.510424,13.11140069,1321.502867,828.503241,14.22333574,1287.484373,1166.757509,1230.60786,3884.334405,1332.879423
6/24/2023,1357.336863,12.69933014,1321.287916,828.4109591,12.75547029,1287.270283,1166.528848,1230.374061,3884.448253,1332.653322
6/25/2023,1357.266594,12.75157137,1321.2852,828.3230457,13.86770565,1287.264774,1166.54394,1230.384304,3884.253296,1332.648438
6/26/2023,1357.730876,12.83263302,1321.735399,828.3690381,13.68032582,1287.650687,1166.910367,1230.950236,3884.856268,1333.127112
6/27/2023,1358.000556,12.99084716,1321.992958,828.4615712,14.1236052,1287.939074,1167.294121,1231.186632,3885.38569,1333.334041
6/28/2023,1357.775376,13.42231858,1321.645314,828.7776243,13.22675815,1287.673217,1166.978904,1230.920191,3884.551905,1333.194283
6/29/2023,1357.81851,13.29069224,1321.635472,828.588823,13.77817472,1287.719831,1167.021906,1231.154139,3884.51071,1333.210831
6/30/2023,1357.678839,13.22269295,1321.507712,828.608478,13.47262014,1287.587237,1167.040716,1231.405213,3884.268918,1333.126461
7/1/2023,1357.875291,13.02951557,1321.670322,828.7668917,13.91146924,1287.702345,1167.171033,1231.567529,3885.208138,1333.261585
7/2/2023,1357.742566,12.89697819,1321.667418,828.6134056,14.04127794,1287.602741,1167.110821,1231.43614,3885.018007,1333.216944
7/3/2023,1357.995039,13.10189401,1321.8199,828.8143082,13.49837353,1287.729905,1167.308923,1231.731922,3885.144021,1333.452177
7/4/2023,1357.660924,13.05283938,1321.543994,828.6195873,13.32998381,1287.48957,1167.02938,1231.378899,3884.373625,1333.109552
7/5/2023,1357.672955,13.05288526,1321.581226,828.5235283,13.92999087,1287.469197,1167.144035,1231.585209,3884.190827,1333.074052
7/6/2023,1357.530409,12.24811987,1321.582375,828.2787487,13.16210203,1287.439041,1166.998439,1231.44199,3884.734589,1333.03511
7/7/2023,1357.375266,12.94976338,1321.576994,828.5426018,14.20446637,1287.395399,1166.905403,1231.542302,3884.32923,1333.075637
7/8/2023,1356.798129,12.47436597,1321.297046,828.3588275,13.3709452,1287.083914,1166.450204,1231.268664,3884.153373,1332.780385
7/9/2023,1357.14146,12.56790123,1321.596758,828.579073,14.17347231,1287.401621,1166.786497,1231.632788,3885.028366,1333.128171
7/10/2023,1356.271271,12.66069606,1321.082128,828.4312732,13.65531611,1286.896531,1166.07968,1231.363981,3883.949997,1332.643004
7/11/2023,1356.670608,11.96247571,1321.249074,827.9975332,13.12298649,1287.101281,1166.327561,1231.57624,3885.003116,1333.010252
7/12/2023,1356.453921,11.97133054,1321.061425,828.0430283,12.80687194,1286.937802,1166.165067,1231.594217,3884.787855,1332.858816
7/13/2023,1356.135489,11.95138297,1320.706144,828.2272523,12.86975205,1286.614466,1165.795075,1231.334597,3884.608378,1332.474806
7/14/2023,1355.873728,11.97386169,1320.513122,828.019297,12.25276068,1286.450362,1165.537355,1231.024829,3883.794497,1332.225857
7/15/2023,1355.678614,11.64392124,1320.383475,827.6941753,11.41645049,1286.369718,1165.408922,1230.473973,3883.844379,1331.916663
7/16/2023,1354.776839,11.85528246,1319.529647,827.7862355,11.03696647,1285.352011,1164.699397,1229.671902,3882.356784,1331.111699
7/17/2023,1354.992445,12.12317441,1319.755536,828.0365161,12.01097483,1285.577362,1164.972852,1229.794783,3882.756195,1331.451122
7/18/2023,1355.549553,12.18645425,1320.267664,828.0402805,12.56046223,1286.158559,1165.471741,1230.305543,3883.557729,1331.966417
7/19/2023,1355.608409,12.13015257,1320.339916,827.9697178,11.78117902,1286.296426,1165.553033,1230.534453,3883.724193,1332.105779
7/20/2023,1355.710026,12.29804996,1320.43678,828.1684085,12.52862821,1286.357735,1165.734431,1230.676543,3884.084076,1332.212686
7/21/2023,1356.517157,12.79319541,1321.275682,828.512552,13.65885827,1287.164609,1166.447692,1231.310095,3885.516447,1333.057555
7/22/2023,1356.296803,13.4861319,1321.024228,828.7570397,14.41112355,1286.888066,1166.177787,1231.005701,3884.392392,1332.930936
7/23/2023,1356.519398,13.44715048,1321.139592,828.5885733,12.77555964,1287.057183,1166.215346,1231.091473,3884.532046,1333.093448
7/24/2023,1357.120494,13.85323514,1321.78388,828.6937194,13.51805836,1287.797549,1166.754215,1231.579892,3885.465647,1333.645313
7/25/2023,1356.970837,13.7134667,1321.665508,828.5725324,13.70945109,1287.653536,1166.609021,1231.403978,3885.269253,1333.522382
7/26/2023,1356.926949,13.69414823,1321.687641,828.8465957,13.77283936,1287.755994,1166.603513,1231.374199,3885.451807,1333.529564
7/27/2023,1356.420556,13.49668636,1321.28762,828.5768644,13.93815514,1287.275233,1166.178174,1230.921505,3884.68505,1333.048706
7/28/2023,1356.482217,13.67624115,1321.277303,828.687424,13.57540238,1287.317786,1166.223808,1230.959603,3884.606881,1333.140549
7/29/2023,1355.986985,13.29781109,1320.858417,828.4594831,13.54891919,1286.901951,1165.907899,1230.50852,3884.280658,1332.705426
7/30/2023,1355.83837,13.46037382,1320.675221,828.4939151,13.84639592,1286.747834,1166.0517,1230.393692,3883.690082,1332.52018
7/31/2023,1356.333922,13.6742875,1321.082878,829.0833143,14.63232623,1287.241987,1166.516675,1230.692001,3884.726121,1333.104908
8/1/2023,1356.472717,13.84144242,1321.141959,828.9483523,13.98593292,1287.469086,1166.532669,1230.744103,3884.656838,1333.159121
8/2/2023,1356.409324,13.8215109,1321.112561,829.0048847,14.77120919,1287.55412,1166.625316,1230.833402,3884.554838,1333.120501
8/3/2023,1356.350005,14.00511402,1321.021814,828.9554737,15.20081092,1287.365745,1166.484313,1230.7928,3884.112722,1333.053013
8/4/2023,1356.709107,13.92915996,1321.379559,829.0260476,13.51676896,1287.687322,1166.818524,1231.141583,3885.10892,1333.442903
8/5/2023,1356.317579,13.722327,1321.021465,828.8607208,13.54005121,1287.293575,1166.549774,1230.763318,3884.524094,1333.078836
8/6/2023,1356.403528,13.40523867,1321.109507,828.5669807,13.72706665,1287.266956,1166.817548,1230.710737,3884.739887,1333.010488
8/7/2023,1356.135673,13.56322765,1320.859499,828.5562825,14.03738164,1287.032878,1166.858248,1230.47389,3883.961312,1332.748079
8/8/2023,1356.528063,13.57046543,1321.371178,828.6065399,15.20391789,1287.335991,1167.193429,1230.777631,3884.632477,1332.997578
8/9/2023,1356.467855,13.5119568,1321.381414,828.6637583,13.54224657,1287.313965,1167.117782,1230.771033,3884.799594,1333.06246
8/10/2023,1356.314422,13.57305398,1321.136385,828.6207151,13.46795466,1287.176148,1166.939164,1230.708823,3884.229361,1332.928247
8/11/2023,1356.403505,13.63867943,1321.129102,828.6143757,13.39089418,1287.268776,1167.104417,1230.70417,3884.275294,1332.945508
8/12/2023,1356.159947,13.55468881,1320.892032,828.5882586,13.0695417,1287.031567,1166.9213,1230.473845,3883.950059,1332.749822
8/13/2023,1357.698387,14.24536503,1321.715565,829.1161898,14.98582827,1287.963914,1168.188094,1235.503532,3884.881481,1333.731455
8/14/2023,1357.778721,13.76709261,1322.306067,829.0632307,13.85807281,1288.328998,1168.730113,1234.679153,3886.153733,1334.004291
8/15/2023,1357.258476,13.98137328,1321.875192,828.9150523,13.91986917,1287.84791,1168.433949,1234.161651,3885.094012,1333.497851
8/16/2023,1357.428289,13.80944293,1322.069105,828.9732802,13.66094597,1288.042248,1168.714005,1234.896143,3885.834875,1333.800368
8/17/2023,1356.872013,13.80142597,1321.589352,828.7291008,13.77401439,1287.542948,1168.168353,1234.32232,3884.56585,1333.242287
8/18/2023,1356.718388,13.62568212,1321.363038,828.698635,13.31555173,1287.347773,1167.848109,1234.772744,3884.47676,1333.126248
8/19/2023,1357.036722,13.74787352,1321.50716,828.7180593,12.99539142,1287.456661,1168.086506,1235.397916,3884.751862,1333.202341
8/20/2023,1356.730888,13.73458773,1321.273767,828.6879664,13.1986153,1287.405249,1167.724701,1234.865562,3884.324844,1333.002534
8/21/2023,1356.877704,13.95478167,1321.483636,828.8125483,13.22851849,1287.710868,1167.915577,1234.75199,3884.870651,1333.187143
8/22/2023,1356.349366,13.72293205,1320.905722,828.4225298,13.29121068,1287.08705,1167.314194,1233.805609,3883.527099,1332.621589
8/23/2023,1356.4994,13.91003942,1320.966092,828.5842662,13.44781754,1287.216151,1167.39936,1233.920101,3883.717434,1332.74729
8/24/2023,1356.490962,13.79723898,1321.011396,828.5450188,13.08943713,1287.193,1167.27307,1233.590952,3884.229126,1332.775956
8/25/2023,1356.227166,14.31628561,1320.82715,828.524401,12.9377707,1286.923349,1167.042367,1233.457331,3883.700027,1332.56554
8/26/2023,1356.630938,14.09661954,1321.167014,828.7221669,13.1710476,1287.329177,1167.713195,1233.87123,3884.592409,1332.968384
8/27/2023,1355.952053,14.02647984,1320.465219,828.4011387,13.12532663,1286.669831,1167.104449,1233.217476,3882.886541,1332.251553
8/28/2023,1356.686525,14.04342283,1321.167586,828.7588911,13.08887613,1287.315983,1167.657328,1233.8352,3884.651855,1332.986361
8/29/2023,1356.651399,14.2454605,1321.100917,828.6976626,13.61453729,1287.282169,1167.657067,1233.773792,3884.364133,1332.922801
8/30/2023,1356.473019,14.07927589,1320.86167,828.5839946,13.071344,1287.014306,1167.300219,1233.477463,3883.930317,1332.659674
8/31/2023,1356.385671,14.04939653,1320.81585,828.5503757,13.15605108,1286.965201,1167.220253,1233.413185,3883.954208,1332.662275
9/1/2023,1355.893352,14.19960604,1320.314637,828.6689295,13.6345104,1286.549676,1166.819742,1233.050236,3883.134149,1332.184643
9/2/2023,1355.483497,13.78600408,1319.978721,828.3787701,13.12851049,1286.167773,1166.432468,1232.522994,3882.395855,1331.8287
9/3/2023,1355.555066,13.75436316,1320.118569,828.6504375,13.56786071,1286.251244,1166.479132,1232.397576,3883.22208,1331.963623
9/4/2023,1354.422126,13.7093745,1318.992471,828.4098987,13.24572493,1285.174891,1165.524731,1230.988549,3880.843074,1330.825659
9/5/2023,1354.940724,13.8505776,1319.503856,828.3495125,12.94745993,1285.645875,1165.937697,1231.362257,3881.567729,1331.365217
9/6/2023,1354.106713,13.75609358,1318.742556,828.267719,13.05413733,1284.90204,1165.342145,1230.556695,3880.062163,1330.538779
9/7/2023,1354.671831,13.742109,1319.288721,828.394271,13.04759541,1285.426193,1165.827327,1231.075462,3881.328208,1331.115718
9/8/2023,1355.991077,14.02369977,1320.530709,828.6062537,13.0404687,1286.673296,1167.087511,1232.44464,3883.607477,1332.408533
9/9/2023,1355.641389,13.98355872,1320.128464,828.6891148,13.291345,1286.291697,1166.777921,1232.098383,3883.085228,1332.006889
9/10/2023,1355.014192,13.97601359,1319.551938,828.658213,12.96477503,1285.710925,1166.341462,1231.457268,3882.084798,1331.456849
9/11/2023,1354.919328,13.95722644,1319.486308,828.5703109,12.87437748,1285.660177,1166.285846,1231.387542,3881.848929,1331.390237
9/12/2023,1355.551704,14.03430065,1320.112264,828.5385392,13.05802646,1286.309686,1166.909182,1231.921814,3882.913683,1332.032798
9/13/2023,1355.245549,13.86366364,1319.818227,828.4920293,12.67218846,1286.004104,1166.549074,1231.65885,3882.427057,1331.742531
9/14/2023,1355.171132,13.89832522,1319.749453,828.5895684,12.9740776,1285.921352,1166.640477,1231.6848,3882.414326,1331.662426
9/15/2023,1354.754408,13.56888005,1319.335197,828.4722004,13.61023479,1285.477112,1166.152986,1231.094586,3881.819628,1331.293521
9/16/2023,1354.507089,13.18194754,1319.09114,828.3537538,12.68105343,1285.201165,1165.823576,1230.683544,3881.514086,1331.104914
9/17/2023,1356.321382,12.16457257,1320.929148,828.1591529,11.45762607,1286.951152,1167.396906,1231.497496,3885.725624,1332.76115
9/18/2023,1355.678316,12.11404048,1320.244289,827.8017326,11.00107726,1286.306832,1166.680383,1230.803138,3883.944503,1331.9557
9/19/2023,1355.780374,12.1630413,1320.285488,827.8886438,11.65965363,1286.35064,1166.816798,1231.016384,3884.10835,1332.00431
9/20/2023,1355.994904,12.19618358,1320.478626,827.8839497,11.65313045,1286.525981,1166.954034,1231.441592,3884.292738,1332.236057
9/21/2023,1355.67531,12.08982006,1320.150368,827.7257346,11.14938584,1286.24059,1166.662435,1231.049862,3883.763226,1331.979339
9/22/2023,1355.110299,12.06639012,1319.611114,827.5721352,11.36873759,1285.755381,1166.109686,1230.550961,3882.878403,1331.369228
9/23/2023,1355.827505,12.2662295,1320.229074,827.9155458,11.63358668,1286.373294,1166.829426,1231.198237,3884.171135,1332.090319
9/24/2023,1355.159306,12.13513545,1319.55435,827.6226102,11.29928195,1285.704901,1166.154066,1230.469147,3882.667899,1331.407079
9/25/2023,1355.185398,12.10349478,1319.630197,827.7358398,11.52141814,1285.852406,1166.113525,1230.654629,3883.095977,1331.466605
9/26/2023,1355.244512,12.07723005,1319.698383,827.6415014,11.75666716,1285.926831,1166.144877,1230.673505,3883.079269,1331.496501
9/27/2023,1355.254356,12.12204006,1319.699222,827.6867097,11.54922472,1285.89255,1166.218557,1230.656346,3883.030722,1331.517179
9/28/2023,1355.04668,12.14478753,1319.482292,827.596737,11.43365355,1285.749371,1165.950019,1230.411018,3882.447277,1331.246072
9/29/2023,1356.076958,12.8333452,1320.521007,828.04054,12.37902959,1286.723276,1167.005477,1231.501042,3884.323457,1332.423787
9/30/2023,1356.105491,12.66603541,1320.548111,828.0151237,12.37468563,1286.711779,1166.933428,1231.45634,3884.68674,1332.45946
10/1/2023,1355.5831,12.11481347,1320.078996,827.7190112,11.18251348,1286.102034,1166.399959,1230.884013,3883.95139,1331.91916
10/2/2023,1355.399327,12.0793651,1319.888051,827.7169292,11.90085204,1285.880375,1166.168057,1230.55392,3883.771029,1331.660867
10/3/2023,1355.983034,12.07643584,1320.440036,827.7325674,11.78492964,1286.46309,1166.688684,1231.082711,3884.721529,1332.252182
10/4/2023,1355.761994,12.0856954,1320.224261,827.6958692,11.65970583,1286.258946,1166.519636,1230.965744,3884.286312,1332.041932
10/5/2023,1355.321907,12.03877237,1319.771441,827.6432323,11.66561518,1285.829159,1166.122201,1230.606293,3883.466426,1331.583166
10/6/2023,1355.25958,12.08257309,1319.717045,827.6030287,11.62633629,1285.754286,1166.195707,1230.492958,3883.215798,1331.517011
10/7/2023,1355.217024,12.04925516,1319.680431,827.6872469,11.6688862,1285.725011,1166.036607,1230.425477,3883.308912,1331.468541
10/8/2023,1355.496313,12.19486561,1319.982233,827.9892398,12.06394903,1286.00529,1166.326687,1230.698758,3884.233218,1331.782028
10/9/2023,1355.477378,12.09793195,1319.974351,827.6688626,11.53911628,1285.996651,1166.295455,1230.723115,3883.774628,1331.785587
10/10/2023,1355.405854,12.07868139,1319.898903,827.6917318,11.62047991,1285.93076,1166.215722,1230.656272,3883.721758,1331.721398
10/11/2023,1355.181346,11.92126816,1319.654185,827.4621406,11.439703,1285.694041,1165.851336,1230.429294,3883.156721,1331.503924
10/12/2023,1355.201953,11.66043993,1319.714345,827.2618158,10.70438174,1285.653721,1165.858493,1230.231221,3883.51693,1331.421155
10/13/2023,1355.711039,11.89661084,1320.15387,827.5689636,11.03714352,1286.084318,1166.284766,1230.725582,3884.550698,1331.995683
10/14/2023,1356.030933,12.03842323,1320.44449,827.602702,11.47174514,1286.363286,1166.612717,1231.017431,3884.972373,1332.308683
10/15/2023,1356.085483,12.18562027,1320.488926,827.683266,11.62934689,1286.437067,1166.713868,1231.112447,3885.009363,1332.391163
10/16/2023,1356.190304,12.23855586,1320.606072,827.8936968,11.4300098,1286.620828,1166.872107,1231.363027,3885.478839,1332.557357
10/17/2023,1356.126692,12.19935969,1320.537506,827.7230928,11.24713022,1286.60377,1166.814524,1231.295016,3885.106476,1332.481468
10/18/2023,1356.075687,12.14705778,1320.4648,827.5999744,11.26484873,1286.492788,1166.749773,1231.198331,3884.961952,1332.430854
10/19/2023,1356.063366,12.24706519,1320.395083,827.6896518,11.4705384,1286.454813,1166.841223,1231.264813,3884.88553,1332.402129
10/20/2023,1356.145447,12.43185954,1320.452256,827.7116028,10.75089253,1286.531531,1166.941132,1231.438323,3884.935279,1332.478573
10/21/2023,1356.019903,12.40258477,1320.339245,827.6836747,11.01086273,1286.444497,1166.926187,1231.463725,3884.91838,1332.325857
10/22/2023,1355.636433,12.1458456,1319.997323,827.3680929,10.11899143,1286.044112,1166.514945,1231.008207,3884.121437,1331.928587
10/23/2023,1355.660157,12.16176888,1320.035909,827.4766435,10.49726188,1286.078579,1166.533985,1231.105868,3884.305635,1331.977956
10/24/2023,1355.75527,12.1601195,1320.120903,827.3889164,10.86942845,1286.165237,1166.608178,1231.118544,3884.273603,1332.045563
10/25/2023,1355.804552,12.01137834,1320.184634,827.4212123,10.79606502,1286.21301,1166.668585,1231.128068,3884.598896,1332.093657
10/26/2023,1355.370483,12.03838681,1319.759271,827.425686,10.98461397,1285.832982,1166.26722,1230.739699,3883.723776,1331.649002
10/27/2023,1355.121768,11.98978739,1319.546202,827.4690723,11.17301733,1285.556966,1165.987917,1230.471567,3883.342595,1331.423077
10/28/2023,1354.815981,12.0246079,1319.228408,827.5499028,10.93742059,1285.253126,1165.752021,1230.174651,3882.943133,1331.152289
10/29/2023,1355.728684,12.29285619,1320.138214,827.71429,11.921685,1286.140338,1166.640464,1231.076842,3884.286347,1332.148119
10/30/2023,1355.768081,12.30564333,1320.151004,827.8049502,11.65667603,1286.174705,1166.733526,1231.266465,3884.392434,1332.240646
10/31/2023,1356.057238,12.32024794,1320.388256,827.8278859,11.12874443,1286.416603,1167.133473,1231.38988,3884.804578,1332.490855
11/1/2023,1355.79235,12.69865435,1320.085559,828.0861071,11.94068425,1286.155793,1167.222082,1231.117755,3884.036806,1332.260099
